Statistik_Code;Statistik_Label;Zeit_Code;Zeit_Label;Zeit;1_Merkmal_Code;1_Merkmal_Label;1_Auspraegung_Code;1_Auspraegung_Label;2_Merkmal_Code;2_Merkmal_Label;2_Auspraegung_Code;2_Auspraegung_Label;PREIS1__Verbraucherpreisindex__2020=100;PREIS1__CH0004;PREIS1__CH0005
61111;Verbraucherpreisindex für Deutschland;JAHR;Jahr;1991;DINSG;Deutschland insgesamt;DG;Deutschland;MONAT;Monate;MONAT01;Januar;60,5;.;.
61111;Verbraucherpreisindex für Deutschland;JAHR;Jahr;1991;DINSG;Deutschland insgesamt;DG;Deutschland;MONAT;Monate;MONAT02;Februar;60,8;.;0,5
61111;Verbraucherpreisindex für Deutschland;JAHR;Jahr;1991;DINSG;Deutschland insgesamt;DG;Deutschland;MONAT;Monate;MONAT03;März;60,8;.;-
61111;Verbraucherpreisindex für Deutschland;JAHR;Jahr;1991;DINSG;Deutschland insgesamt;DG;Deutschland;MONAT;Monate;MONAT04;April;61,0;.;0,3
61111;Verbraucherpreisindex für Deutschland;JAHR;Jahr;1991;DINSG;Deutschland insgesamt;DG;Deutschland;MONAT;Monate;MONAT05;Mai;61,1;.;0,2
61111;Verbraucherpreisindex für Deutschland;JAHR;Jahr;1991;DINSG;Deutschland insgesamt;DG;Deutschland;MONAT;Monate;MONAT06;Juni;61,5;.;0,7
61111;Verbraucherpreisindex für Deutschland;JAHR;Jahr;1991;DINSG;Deutschland insgesamt;DG;Deutschland;MONAT;Monate;MONAT07;Juli;62,2;.;1,1
61111;Verbraucherpreisindex für Deutschland;JAHR;Jahr;1991;DINSG;Deutschland insgesamt;DG;Deutschland;MONAT;Monate;MONAT08;August;62,2;.;-
61111;Verbraucherpreisindex für Deutschland;JAHR;Jahr;1991;DINSG;Deutschland insgesamt;DG;Deutschland;MONAT;Monate;MONAT09;September;62,2;.;-
61111;Verbraucherpreisindex für Deutschland;JAHR;Jahr;1991;DINSG;Deutschland insgesamt;DG;Deutschland;MONAT;Monate;MONAT10;Oktober;63,2;.;1,6
61111;Verbraucherpreisindex für Deutschland;JAHR;Jahr;1991;DINSG;Deutschland insgesamt;DG;Deutschland;MONAT;Monate;MONAT11;November;63,4;.;0,3
61111;Verbraucherpreisindex für Deutschland;JAHR;Jahr;1991;DINSG;Deutschland insgesamt;DG;Deutschland;MONAT;Monate;MONAT12;Dezember;63,5;.;0,2
61111;Verbraucherpreisindex für Deutschland;JAHR;Jahr;1992;DINSG;Deutschland insgesamt;DG;Deutschland;MONAT;Monate;MONAT01;Januar;63,9;5,6;0,6
61111;Verbraucherpreisindex für Deutschland;JAHR;Jahr;1992;DINSG;Deutschland insgesamt;DG;Deutschland;MONAT;Monate;MONAT02;Februar;64,3;5,8;0,6
61111;Verbraucherpreisindex für Deutschland;JAHR;Jahr;1992;DINSG;Deutschland insgesamt;DG;Deutschland;MONAT;Monate;MONAT03;März;64,5;6,1;0,3
61111;Verbraucherpreisindex für Deutschland;JAHR;Jahr;1992;DINSG;Deutschland insgesamt;DG;Deutschland;MONAT;Monate;MONAT04;April;64,7;6,1;0,3
61111;Verbraucherpreisindex für Deutschland;JAHR;Jahr;1992;DINSG;Deutschland insgesamt;DG;Deutschland;MONAT;Monate;MONAT05;Mai;64,9;6,2;0,3
61111;Verbraucherpreisindex für Deutschland;JAHR;Jahr;1992;DINSG;Deutschland insgesamt;DG;Deutschland;MONAT;Monate;MONAT06;Juni;65,1;5,9;0,3
61111;Verbraucherpreisindex für Deutschland;JAHR;Jahr;1992;DINSG;Deutschland insgesamt;DG;Deutschland;MONAT;Monate;MONAT07;Juli;65,3;5,0;0,3
61111;Verbraucherpreisindex für Deutschland;JAHR;Jahr;1992;DINSG;Deutschland insgesamt;DG;Deutschland;MONAT;Monate;MONAT08;August;65,3;5,0;-
61111;Verbraucherpreisindex für Deutschland;JAHR;Jahr;1992;DINSG;Deutschland insgesamt;DG;Deutschland;MONAT;Monate;MONAT09;September;65,3;5,0;-
61111;Verbraucherpreisindex für Deutschland;JAHR;Jahr;1992;DINSG;Deutschland insgesamt;DG;Deutschland;MONAT;Monate;MONAT10;Oktober;65,3;3,3;-
61111;Verbraucherpreisindex für Deutschland;JAHR;Jahr;1992;DINSG;Deutschland insgesamt;DG;Deutschland;MONAT;Monate;MONAT11;November;65,6;3,5;0,5
61111;Verbraucherpreisindex für Deutschland;JAHR;Jahr;1992;DINSG;Deutschland insgesamt;DG;Deutschland;MONAT;Monate;MONAT12;Dezember;65,7;3,5;0,2
61111;Verbraucherpreisindex für Deutschland;JAHR;Jahr;1993;DINSG;Deutschland insgesamt;DG;Deutschland;MONAT;Monate;MONAT01;Januar;66,8;4,5;1,7
61111;Verbraucherpreisindex für Deutschland;JAHR;Jahr;1993;DINSG;Deutschland insgesamt;DG;Deutschland;MONAT;Monate;MONAT02;Februar;67,3;4,7;0,7
61111;Verbraucherpreisindex für Deutschland;JAHR;Jahr;1993;DINSG;Deutschland insgesamt;DG;Deutschland;MONAT;Monate;MONAT03;März;67,5;4,7;0,3
61111;Verbraucherpreisindex für Deutschland;JAHR;Jahr;1993;DINSG;Deutschland insgesamt;DG;Deutschland;MONAT;Monate;MONAT04;April;67,7;4,6;0,3
61111;Verbraucherpreisindex für Deutschland;JAHR;Jahr;1993;DINSG;Deutschland insgesamt;DG;Deutschland;MONAT;Monate;MONAT05;Mai;67,8;4,5;0,1
61111;Verbraucherpreisindex für Deutschland;JAHR;Jahr;1993;DINSG;Deutschland insgesamt;DG;Deutschland;MONAT;Monate;MONAT06;Juni;68,0;4,5;0,3
61111;Verbraucherpreisindex für Deutschland;JAHR;Jahr;1993;DINSG;Deutschland insgesamt;DG;Deutschland;MONAT;Monate;MONAT07;Juli;68,3;4,6;0,4
61111;Verbraucherpreisindex für Deutschland;JAHR;Jahr;1993;DINSG;Deutschland insgesamt;DG;Deutschland;MONAT;Monate;MONAT08;August;68,3;4,6;-
61111;Verbraucherpreisindex für Deutschland;JAHR;Jahr;1993;DINSG;Deutschland insgesamt;DG;Deutschland;MONAT;Monate;MONAT09;September;68,2;4,4;-0,1
61111;Verbraucherpreisindex für Deutschland;JAHR;Jahr;1993;DINSG;Deutschland insgesamt;DG;Deutschland;MONAT;Monate;MONAT10;Oktober;68,2;4,4;-
61111;Verbraucherpreisindex für Deutschland;JAHR;Jahr;1993;DINSG;Deutschland insgesamt;DG;Deutschland;MONAT;Monate;MONAT11;November;68,3;4,1;0,1
61111;Verbraucherpreisindex für Deutschland;JAHR;Jahr;1993;DINSG;Deutschland insgesamt;DG;Deutschland;MONAT;Monate;MONAT12;Dezember;68,5;4,3;0,3
61111;Verbraucherpreisindex für Deutschland;JAHR;Jahr;1994;DINSG;Deutschland insgesamt;DG;Deutschland;MONAT;Monate;MONAT01;Januar;68,8;3,0;0,4
61111;Verbraucherpreisindex für Deutschland;JAHR;Jahr;1994;DINSG;Deutschland insgesamt;DG;Deutschland;MONAT;Monate;MONAT02;Februar;69,4;3,1;0,9
61111;Verbraucherpreisindex für Deutschland;JAHR;Jahr;1994;DINSG;Deutschland insgesamt;DG;Deutschland;MONAT;Monate;MONAT03;März;69,5;3,0;0,1
61111;Verbraucherpreisindex für Deutschland;JAHR;Jahr;1994;DINSG;Deutschland insgesamt;DG;Deutschland;MONAT;Monate;MONAT04;April;69,6;2,8;0,1
61111;Verbraucherpreisindex für Deutschland;JAHR;Jahr;1994;DINSG;Deutschland insgesamt;DG;Deutschland;MONAT;Monate;MONAT05;Mai;69,7;2,8;0,1
61111;Verbraucherpreisindex für Deutschland;JAHR;Jahr;1994;DINSG;Deutschland insgesamt;DG;Deutschland;MONAT;Monate;MONAT06;Juni;69,8;2,6;0,1
61111;Verbraucherpreisindex für Deutschland;JAHR;Jahr;1994;DINSG;Deutschland insgesamt;DG;Deutschland;MONAT;Monate;MONAT07;Juli;69,9;2,3;0,1
61111;Verbraucherpreisindex für Deutschland;JAHR;Jahr;1994;DINSG;Deutschland insgesamt;DG;Deutschland;MONAT;Monate;MONAT08;August;70,1;2,6;0,3
61111;Verbraucherpreisindex für Deutschland;JAHR;Jahr;1994;DINSG;Deutschland insgesamt;DG;Deutschland;MONAT;Monate;MONAT09;September;69,9;2,5;-0,3
61111;Verbraucherpreisindex für Deutschland;JAHR;Jahr;1994;DINSG;Deutschland insgesamt;DG;Deutschland;MONAT;Monate;MONAT10;Oktober;69,8;2,3;-0,1
61111;Verbraucherpreisindex für Deutschland;JAHR;Jahr;1994;DINSG;Deutschland insgesamt;DG;Deutschland;MONAT;Monate;MONAT11;November;69,9;2,3;0,1
61111;Verbraucherpreisindex für Deutschland;JAHR;Jahr;1994;DINSG;Deutschland insgesamt;DG;Deutschland;MONAT;Monate;MONAT12;Dezember;70,1;2,3;0,3
61111;Verbraucherpreisindex für Deutschland;JAHR;Jahr;1995;DINSG;Deutschland insgesamt;DG;Deutschland;MONAT;Monate;MONAT01;Januar;70,4;2,3;0,4
61111;Verbraucherpreisindex für Deutschland;JAHR;Jahr;1995;DINSG;Deutschland insgesamt;DG;Deutschland;MONAT;Monate;MONAT02;Februar;70,8;2,0;0,6
61111;Verbraucherpreisindex für Deutschland;JAHR;Jahr;1995;DINSG;Deutschland insgesamt;DG;Deutschland;MONAT;Monate;MONAT03;März;70,8;1,9;-
61111;Verbraucherpreisindex für Deutschland;JAHR;Jahr;1995;DINSG;Deutschland insgesamt;DG;Deutschland;MONAT;Monate;MONAT04;April;70,9;1,9;0,1
61111;Verbraucherpreisindex für Deutschland;JAHR;Jahr;1995;DINSG;Deutschland insgesamt;DG;Deutschland;MONAT;Monate;MONAT05;Mai;70,9;1,7;-
61111;Verbraucherpreisindex für Deutschland;JAHR;Jahr;1995;DINSG;Deutschland insgesamt;DG;Deutschland;MONAT;Monate;MONAT06;Juni;71,0;1,7;0,1
61111;Verbraucherpreisindex für Deutschland;JAHR;Jahr;1995;DINSG;Deutschland insgesamt;DG;Deutschland;MONAT;Monate;MONAT07;Juli;71,2;1,9;0,3
61111;Verbraucherpreisindex für Deutschland;JAHR;Jahr;1995;DINSG;Deutschland insgesamt;DG;Deutschland;MONAT;Monate;MONAT08;August;71,2;1,6;-
61111;Verbraucherpreisindex für Deutschland;JAHR;Jahr;1995;DINSG;Deutschland insgesamt;DG;Deutschland;MONAT;Monate;MONAT09;September;71,2;1,9;-
61111;Verbraucherpreisindex für Deutschland;JAHR;Jahr;1995;DINSG;Deutschland insgesamt;DG;Deutschland;MONAT;Monate;MONAT10;Oktober;71,0;1,7;-0,3
61111;Verbraucherpreisindex für Deutschland;JAHR;Jahr;1995;DINSG;Deutschland insgesamt;DG;Deutschland;MONAT;Monate;MONAT11;November;71,0;1,6;-
61111;Verbraucherpreisindex für Deutschland;JAHR;Jahr;1995;DINSG;Deutschland insgesamt;DG;Deutschland;MONAT;Monate;MONAT12;Dezember;71,2;1,6;0,3
61111;Verbraucherpreisindex für Deutschland;JAHR;Jahr;1996;DINSG;Deutschland insgesamt;DG;Deutschland;MONAT;Monate;MONAT01;Januar;71,4;1,4;0,3
61111;Verbraucherpreisindex für Deutschland;JAHR;Jahr;1996;DINSG;Deutschland insgesamt;DG;Deutschland;MONAT;Monate;MONAT02;Februar;71,8;1,4;0,6
61111;Verbraucherpreisindex für Deutschland;JAHR;Jahr;1996;DINSG;Deutschland insgesamt;DG;Deutschland;MONAT;Monate;MONAT03;März;71,8;1,4;-
61111;Verbraucherpreisindex für Deutschland;JAHR;Jahr;1996;DINSG;Deutschland insgesamt;DG;Deutschland;MONAT;Monate;MONAT04;April;71,8;1,3;-
61111;Verbraucherpreisindex für Deutschland;JAHR;Jahr;1996;DINSG;Deutschland insgesamt;DG;Deutschland;MONAT;Monate;MONAT05;Mai;71,9;1,4;0,1
61111;Verbraucherpreisindex für Deutschland;JAHR;Jahr;1996;DINSG;Deutschland insgesamt;DG;Deutschland;MONAT;Monate;MONAT06;Juni;72,0;1,4;0,1
61111;Verbraucherpreisindex für Deutschland;JAHR;Jahr;1996;DINSG;Deutschland insgesamt;DG;Deutschland;MONAT;Monate;MONAT07;Juli;72,1;1,3;0,1
61111;Verbraucherpreisindex für Deutschland;JAHR;Jahr;1996;DINSG;Deutschland insgesamt;DG;Deutschland;MONAT;Monate;MONAT08;August;72,1;1,3;-
61111;Verbraucherpreisindex für Deutschland;JAHR;Jahr;1996;DINSG;Deutschland insgesamt;DG;Deutschland;MONAT;Monate;MONAT09;September;72,1;1,3;-
61111;Verbraucherpreisindex für Deutschland;JAHR;Jahr;1996;DINSG;Deutschland insgesamt;DG;Deutschland;MONAT;Monate;MONAT10;Oktober;72,1;1,5;-
61111;Verbraucherpreisindex für Deutschland;JAHR;Jahr;1996;DINSG;Deutschland insgesamt;DG;Deutschland;MONAT;Monate;MONAT11;November;72,0;1,4;-0,1
61111;Verbraucherpreisindex für Deutschland;JAHR;Jahr;1996;DINSG;Deutschland insgesamt;DG;Deutschland;MONAT;Monate;MONAT12;Dezember;72,3;1,5;0,4
61111;Verbraucherpreisindex für Deutschland;JAHR;Jahr;1997;DINSG;Deutschland insgesamt;DG;Deutschland;MONAT;Monate;MONAT01;Januar;72,9;2,1;0,8
61111;Verbraucherpreisindex für Deutschland;JAHR;Jahr;1997;DINSG;Deutschland insgesamt;DG;Deutschland;MONAT;Monate;MONAT02;Februar;73,0;1,7;0,1
61111;Verbraucherpreisindex für Deutschland;JAHR;Jahr;1997;DINSG;Deutschland insgesamt;DG;Deutschland;MONAT;Monate;MONAT03;März;73,0;1,7;-
61111;Verbraucherpreisindex für Deutschland;JAHR;Jahr;1997;DINSG;Deutschland insgesamt;DG;Deutschland;MONAT;Monate;MONAT04;April;72,9;1,5;-0,1
61111;Verbraucherpreisindex für Deutschland;JAHR;Jahr;1997;DINSG;Deutschland insgesamt;DG;Deutschland;MONAT;Monate;MONAT05;Mai;73,1;1,7;0,3
61111;Verbraucherpreisindex für Deutschland;JAHR;Jahr;1997;DINSG;Deutschland insgesamt;DG;Deutschland;MONAT;Monate;MONAT06;Juni;73,1;1,5;-
61111;Verbraucherpreisindex für Deutschland;JAHR;Jahr;1997;DINSG;Deutschland insgesamt;DG;Deutschland;MONAT;Monate;MONAT07;Juli;73,8;2,4;1,0
61111;Verbraucherpreisindex für Deutschland;JAHR;Jahr;1997;DINSG;Deutschland insgesamt;DG;Deutschland;MONAT;Monate;MONAT08;August;73,8;2,4;-
61111;Verbraucherpreisindex für Deutschland;JAHR;Jahr;1997;DINSG;Deutschland insgesamt;DG;Deutschland;MONAT;Monate;MONAT09;September;73,7;2,2;-0,1
61111;Verbraucherpreisindex für Deutschland;JAHR;Jahr;1997;DINSG;Deutschland insgesamt;DG;Deutschland;MONAT;Monate;MONAT10;Oktober;73,6;2,1;-0,1
61111;Verbraucherpreisindex für Deutschland;JAHR;Jahr;1997;DINSG;Deutschland insgesamt;DG;Deutschland;MONAT;Monate;MONAT11;November;73,6;2,2;-
61111;Verbraucherpreisindex für Deutschland;JAHR;Jahr;1997;DINSG;Deutschland insgesamt;DG;Deutschland;MONAT;Monate;MONAT12;Dezember;73,8;2,1;0,3
61111;Verbraucherpreisindex für Deutschland;JAHR;Jahr;1998;DINSG;Deutschland insgesamt;DG;Deutschland;MONAT;Monate;MONAT01;Januar;73,8;1,2;-
61111;Verbraucherpreisindex für Deutschland;JAHR;Jahr;1998;DINSG;Deutschland insgesamt;DG;Deutschland;MONAT;Monate;MONAT02;Februar;73,9;1,2;0,1
61111;Verbraucherpreisindex für Deutschland;JAHR;Jahr;1998;DINSG;Deutschland insgesamt;DG;Deutschland;MONAT;Monate;MONAT03;März;73,8;1,1;-0,1
61111;Verbraucherpreisindex für Deutschland;JAHR;Jahr;1998;DINSG;Deutschland insgesamt;DG;Deutschland;MONAT;Monate;MONAT04;April;73,9;1,4;0,1
61111;Verbraucherpreisindex für Deutschland;JAHR;Jahr;1998;DINSG;Deutschland insgesamt;DG;Deutschland;MONAT;Monate;MONAT05;Mai;74,0;1,2;0,1
61111;Verbraucherpreisindex für Deutschland;JAHR;Jahr;1998;DINSG;Deutschland insgesamt;DG;Deutschland;MONAT;Monate;MONAT06;Juni;74,1;1,4;0,1
61111;Verbraucherpreisindex für Deutschland;JAHR;Jahr;1998;DINSG;Deutschland insgesamt;DG;Deutschland;MONAT;Monate;MONAT07;Juli;74,4;0,8;0,4
61111;Verbraucherpreisindex für Deutschland;JAHR;Jahr;1998;DINSG;Deutschland insgesamt;DG;Deutschland;MONAT;Monate;MONAT08;August;74,2;0,5;-0,3
61111;Verbraucherpreisindex für Deutschland;JAHR;Jahr;1998;DINSG;Deutschland insgesamt;DG;Deutschland;MONAT;Monate;MONAT09;September;74,0;0,4;-0,3
61111;Verbraucherpreisindex für Deutschland;JAHR;Jahr;1998;DINSG;Deutschland insgesamt;DG;Deutschland;MONAT;Monate;MONAT10;Oktober;73,9;0,4;-0,1
61111;Verbraucherpreisindex für Deutschland;JAHR;Jahr;1998;DINSG;Deutschland insgesamt;DG;Deutschland;MONAT;Monate;MONAT11;November;73,9;0,4;-
61111;Verbraucherpreisindex für Deutschland;JAHR;Jahr;1998;DINSG;Deutschland insgesamt;DG;Deutschland;MONAT;Monate;MONAT12;Dezember;74,0;0,3;0,1
61111;Verbraucherpreisindex für Deutschland;JAHR;Jahr;1999;DINSG;Deutschland insgesamt;DG;Deutschland;MONAT;Monate;MONAT01;Januar;73,9;0,1;-0,1
61111;Verbraucherpreisindex für Deutschland;JAHR;Jahr;1999;DINSG;Deutschland insgesamt;DG;Deutschland;MONAT;Monate;MONAT02;Februar;74,0;0,1;0,1
61111;Verbraucherpreisindex für Deutschland;JAHR;Jahr;1999;DINSG;Deutschland insgesamt;DG;Deutschland;MONAT;Monate;MONAT03;März;74,0;0,3;-
61111;Verbraucherpreisindex für Deutschland;JAHR;Jahr;1999;DINSG;Deutschland insgesamt;DG;Deutschland;MONAT;Monate;MONAT04;April;74,4;0,7;0,5
61111;Verbraucherpreisindex für Deutschland;JAHR;Jahr;1999;DINSG;Deutschland insgesamt;DG;Deutschland;MONAT;Monate;MONAT05;Mai;74,4;0,5;-
61111;Verbraucherpreisindex für Deutschland;JAHR;Jahr;1999;DINSG;Deutschland insgesamt;DG;Deutschland;MONAT;Monate;MONAT06;Juni;74,5;0,5;0,1
61111;Verbraucherpreisindex für Deutschland;JAHR;Jahr;1999;DINSG;Deutschland insgesamt;DG;Deutschland;MONAT;Monate;MONAT07;Juli;74,8;0,5;0,4
61111;Verbraucherpreisindex für Deutschland;JAHR;Jahr;1999;DINSG;Deutschland insgesamt;DG;Deutschland;MONAT;Monate;MONAT08;August;74,8;0,8;-
61111;Verbraucherpreisindex für Deutschland;JAHR;Jahr;1999;DINSG;Deutschland insgesamt;DG;Deutschland;MONAT;Monate;MONAT09;September;74,6;0,8;-0,3
61111;Verbraucherpreisindex für Deutschland;JAHR;Jahr;1999;DINSG;Deutschland insgesamt;DG;Deutschland;MONAT;Monate;MONAT10;Oktober;74,5;0,8;-0,1
61111;Verbraucherpreisindex für Deutschland;JAHR;Jahr;1999;DINSG;Deutschland insgesamt;DG;Deutschland;MONAT;Monate;MONAT11;November;74,7;1,1;0,3
61111;Verbraucherpreisindex für Deutschland;JAHR;Jahr;1999;DINSG;Deutschland insgesamt;DG;Deutschland;MONAT;Monate;MONAT12;Dezember;74,9;1,2;0,3
61111;Verbraucherpreisindex für Deutschland;JAHR;Jahr;2000;DINSG;Deutschland insgesamt;DG;Deutschland;MONAT;Monate;MONAT01;Januar;75,1;1,6;0,3
61111;Verbraucherpreisindex für Deutschland;JAHR;Jahr;2000;DINSG;Deutschland insgesamt;DG;Deutschland;MONAT;Monate;MONAT02;Februar;75,1;1,5;-
61111;Verbraucherpreisindex für Deutschland;JAHR;Jahr;2000;DINSG;Deutschland insgesamt;DG;Deutschland;MONAT;Monate;MONAT03;März;75,1;1,5;-
61111;Verbraucherpreisindex für Deutschland;JAHR;Jahr;2000;DINSG;Deutschland insgesamt;DG;Deutschland;MONAT;Monate;MONAT04;April;75,1;0,9;-
61111;Verbraucherpreisindex für Deutschland;JAHR;Jahr;2000;DINSG;Deutschland insgesamt;DG;Deutschland;MONAT;Monate;MONAT05;Mai;75,1;0,9;-
61111;Verbraucherpreisindex für Deutschland;JAHR;Jahr;2000;DINSG;Deutschland insgesamt;DG;Deutschland;MONAT;Monate;MONAT06;Juni;75,4;1,2;0,4
61111;Verbraucherpreisindex für Deutschland;JAHR;Jahr;2000;DINSG;Deutschland insgesamt;DG;Deutschland;MONAT;Monate;MONAT07;Juli;75,8;1,3;0,5
61111;Verbraucherpreisindex für Deutschland;JAHR;Jahr;2000;DINSG;Deutschland insgesamt;DG;Deutschland;MONAT;Monate;MONAT08;August;75,6;1,1;-0,3
61111;Verbraucherpreisindex für Deutschland;JAHR;Jahr;2000;DINSG;Deutschland insgesamt;DG;Deutschland;MONAT;Monate;MONAT09;September;75,8;1,6;0,3
61111;Verbraucherpreisindex für Deutschland;JAHR;Jahr;2000;DINSG;Deutschland insgesamt;DG;Deutschland;MONAT;Monate;MONAT10;Oktober;75,7;1,6;-0,1
61111;Verbraucherpreisindex für Deutschland;JAHR;Jahr;2000;DINSG;Deutschland insgesamt;DG;Deutschland;MONAT;Monate;MONAT11;November;75,8;1,5;0,1
61111;Verbraucherpreisindex für Deutschland;JAHR;Jahr;2000;DINSG;Deutschland insgesamt;DG;Deutschland;MONAT;Monate;MONAT12;Dezember;76,4;2,0;0,8
61111;Verbraucherpreisindex für Deutschland;JAHR;Jahr;2001;DINSG;Deutschland insgesamt;DG;Deutschland;MONAT;Monate;MONAT01;Januar;76,2;1,5;-0,3
61111;Verbraucherpreisindex für Deutschland;JAHR;Jahr;2001;DINSG;Deutschland insgesamt;DG;Deutschland;MONAT;Monate;MONAT02;Februar;76,6;2,0;0,5
61111;Verbraucherpreisindex für Deutschland;JAHR;Jahr;2001;DINSG;Deutschland insgesamt;DG;Deutschland;MONAT;Monate;MONAT03;März;76,6;2,0;-
61111;Verbraucherpreisindex für Deutschland;JAHR;Jahr;2001;DINSG;Deutschland insgesamt;DG;Deutschland;MONAT;Monate;MONAT04;April;76,9;2,4;0,4
61111;Verbraucherpreisindex für Deutschland;JAHR;Jahr;2001;DINSG;Deutschland insgesamt;DG;Deutschland;MONAT;Monate;MONAT05;Mai;77,2;2,8;0,4
61111;Verbraucherpreisindex für Deutschland;JAHR;Jahr;2001;DINSG;Deutschland insgesamt;DG;Deutschland;MONAT;Monate;MONAT06;Juni;77,3;2,5;0,1
61111;Verbraucherpreisindex für Deutschland;JAHR;Jahr;2001;DINSG;Deutschland insgesamt;DG;Deutschland;MONAT;Monate;MONAT07;Juli;77,4;2,1;0,1
61111;Verbraucherpreisindex für Deutschland;JAHR;Jahr;2001;DINSG;Deutschland insgesamt;DG;Deutschland;MONAT;Monate;MONAT08;August;77,2;2,1;-0,3
61111;Verbraucherpreisindex für Deutschland;JAHR;Jahr;2001;DINSG;Deutschland insgesamt;DG;Deutschland;MONAT;Monate;MONAT09;September;77,2;1,8;-
61111;Verbraucherpreisindex für Deutschland;JAHR;Jahr;2001;DINSG;Deutschland insgesamt;DG;Deutschland;MONAT;Monate;MONAT10;Oktober;77,1;1,8;-0,1
61111;Verbraucherpreisindex für Deutschland;JAHR;Jahr;2001;DINSG;Deutschland insgesamt;DG;Deutschland;MONAT;Monate;MONAT11;November;76,9;1,5;-0,3
61111;Verbraucherpreisindex für Deutschland;JAHR;Jahr;2001;DINSG;Deutschland insgesamt;DG;Deutschland;MONAT;Monate;MONAT12;Dezember;77,7;1,7;1,0
61111;Verbraucherpreisindex für Deutschland;JAHR;Jahr;2002;DINSG;Deutschland insgesamt;DG;Deutschland;MONAT;Monate;MONAT01;Januar;77,7;2,0;-
61111;Verbraucherpreisindex für Deutschland;JAHR;Jahr;2002;DINSG;Deutschland insgesamt;DG;Deutschland;MONAT;Monate;MONAT02;Februar;78,0;1,8;0,4
61111;Verbraucherpreisindex für Deutschland;JAHR;Jahr;2002;DINSG;Deutschland insgesamt;DG;Deutschland;MONAT;Monate;MONAT03;März;78,2;2,1;0,3
61111;Verbraucherpreisindex für Deutschland;JAHR;Jahr;2002;DINSG;Deutschland insgesamt;DG;Deutschland;MONAT;Monate;MONAT04;April;78,1;1,6;-0,1
61111;Verbraucherpreisindex für Deutschland;JAHR;Jahr;2002;DINSG;Deutschland insgesamt;DG;Deutschland;MONAT;Monate;MONAT05;Mai;78,2;1,3;0,1
61111;Verbraucherpreisindex für Deutschland;JAHR;Jahr;2002;DINSG;Deutschland insgesamt;DG;Deutschland;MONAT;Monate;MONAT06;Juni;78,2;1,2;-
61111;Verbraucherpreisindex für Deutschland;JAHR;Jahr;2002;DINSG;Deutschland insgesamt;DG;Deutschland;MONAT;Monate;MONAT07;Juli;78,3;1,2;0,1
61111;Verbraucherpreisindex für Deutschland;JAHR;Jahr;2002;DINSG;Deutschland insgesamt;DG;Deutschland;MONAT;Monate;MONAT08;August;78,2;1,3;-0,1
61111;Verbraucherpreisindex für Deutschland;JAHR;Jahr;2002;DINSG;Deutschland insgesamt;DG;Deutschland;MONAT;Monate;MONAT09;September;78,2;1,3;-
61111;Verbraucherpreisindex für Deutschland;JAHR;Jahr;2002;DINSG;Deutschland insgesamt;DG;Deutschland;MONAT;Monate;MONAT10;Oktober;78,1;1,3;-0,1
61111;Verbraucherpreisindex für Deutschland;JAHR;Jahr;2002;DINSG;Deutschland insgesamt;DG;Deutschland;MONAT;Monate;MONAT11;November;77,8;1,2;-0,4
61111;Verbraucherpreisindex für Deutschland;JAHR;Jahr;2002;DINSG;Deutschland insgesamt;DG;Deutschland;MONAT;Monate;MONAT12;Dezember;78,5;1,0;0,9
61111;Verbraucherpreisindex für Deutschland;JAHR;Jahr;2003;DINSG;Deutschland insgesamt;DG;Deutschland;MONAT;Monate;MONAT01;Januar;78,5;1,0;-
61111;Verbraucherpreisindex für Deutschland;JAHR;Jahr;2003;DINSG;Deutschland insgesamt;DG;Deutschland;MONAT;Monate;MONAT02;Februar;79,0;1,3;0,6
61111;Verbraucherpreisindex für Deutschland;JAHR;Jahr;2003;DINSG;Deutschland insgesamt;DG;Deutschland;MONAT;Monate;MONAT03;März;79,0;1,0;-
61111;Verbraucherpreisindex für Deutschland;JAHR;Jahr;2003;DINSG;Deutschland insgesamt;DG;Deutschland;MONAT;Monate;MONAT04;April;78,8;0,9;-0,3
61111;Verbraucherpreisindex für Deutschland;JAHR;Jahr;2003;DINSG;Deutschland insgesamt;DG;Deutschland;MONAT;Monate;MONAT05;Mai;78,6;0,5;-0,3
61111;Verbraucherpreisindex für Deutschland;JAHR;Jahr;2003;DINSG;Deutschland insgesamt;DG;Deutschland;MONAT;Monate;MONAT06;Juni;78,9;0,9;0,4
61111;Verbraucherpreisindex für Deutschland;JAHR;Jahr;2003;DINSG;Deutschland insgesamt;DG;Deutschland;MONAT;Monate;MONAT07;Juli;79,0;0,9;0,1
61111;Verbraucherpreisindex für Deutschland;JAHR;Jahr;2003;DINSG;Deutschland insgesamt;DG;Deutschland;MONAT;Monate;MONAT08;August;79,0;1,0;-
61111;Verbraucherpreisindex für Deutschland;JAHR;Jahr;2003;DINSG;Deutschland insgesamt;DG;Deutschland;MONAT;Monate;MONAT09;September;79,0;1,0;-
61111;Verbraucherpreisindex für Deutschland;JAHR;Jahr;2003;DINSG;Deutschland insgesamt;DG;Deutschland;MONAT;Monate;MONAT10;Oktober;79,0;1,2;-
61111;Verbraucherpreisindex für Deutschland;JAHR;Jahr;2003;DINSG;Deutschland insgesamt;DG;Deutschland;MONAT;Monate;MONAT11;November;78,8;1,3;-0,3
61111;Verbraucherpreisindex für Deutschland;JAHR;Jahr;2003;DINSG;Deutschland insgesamt;DG;Deutschland;MONAT;Monate;MONAT12;Dezember;79,4;1,1;0,8
61111;Verbraucherpreisindex für Deutschland;JAHR;Jahr;2004;DINSG;Deutschland insgesamt;DG;Deutschland;MONAT;Monate;MONAT01;Januar;79,4;1,1;-
61111;Verbraucherpreisindex für Deutschland;JAHR;Jahr;2004;DINSG;Deutschland insgesamt;DG;Deutschland;MONAT;Monate;MONAT02;Februar;79,6;0,8;0,3
61111;Verbraucherpreisindex für Deutschland;JAHR;Jahr;2004;DINSG;Deutschland insgesamt;DG;Deutschland;MONAT;Monate;MONAT03;März;79,9;1,1;0,4
61111;Verbraucherpreisindex für Deutschland;JAHR;Jahr;2004;DINSG;Deutschland insgesamt;DG;Deutschland;MONAT;Monate;MONAT04;April;80,1;1,6;0,3
61111;Verbraucherpreisindex für Deutschland;JAHR;Jahr;2004;DINSG;Deutschland insgesamt;DG;Deutschland;MONAT;Monate;MONAT05;Mai;80,3;2,2;0,2
61111;Verbraucherpreisindex für Deutschland;JAHR;Jahr;2004;DINSG;Deutschland insgesamt;DG;Deutschland;MONAT;Monate;MONAT06;Juni;80,3;1,8;-
61111;Verbraucherpreisindex für Deutschland;JAHR;Jahr;2004;DINSG;Deutschland insgesamt;DG;Deutschland;MONAT;Monate;MONAT07;Juli;80,4;1,8;0,1
61111;Verbraucherpreisindex für Deutschland;JAHR;Jahr;2004;DINSG;Deutschland insgesamt;DG;Deutschland;MONAT;Monate;MONAT08;August;80,5;1,9;0,1
61111;Verbraucherpreisindex für Deutschland;JAHR;Jahr;2004;DINSG;Deutschland insgesamt;DG;Deutschland;MONAT;Monate;MONAT09;September;80,3;1,6;-0,2
61111;Verbraucherpreisindex für Deutschland;JAHR;Jahr;2004;DINSG;Deutschland insgesamt;DG;Deutschland;MONAT;Monate;MONAT10;Oktober;80,4;1,8;0,1
61111;Verbraucherpreisindex für Deutschland;JAHR;Jahr;2004;DINSG;Deutschland insgesamt;DG;Deutschland;MONAT;Monate;MONAT11;November;80,3;1,9;-0,1
61111;Verbraucherpreisindex für Deutschland;JAHR;Jahr;2004;DINSG;Deutschland insgesamt;DG;Deutschland;MONAT;Monate;MONAT12;Dezember;81,2;2,3;1,1
61111;Verbraucherpreisindex für Deutschland;JAHR;Jahr;2005;DINSG;Deutschland insgesamt;DG;Deutschland;MONAT;Monate;MONAT01;Januar;80,6;1,5;-0,7
61111;Verbraucherpreisindex für Deutschland;JAHR;Jahr;2005;DINSG;Deutschland insgesamt;DG;Deutschland;MONAT;Monate;MONAT02;Februar;80,9;1,6;0,4
61111;Verbraucherpreisindex für Deutschland;JAHR;Jahr;2005;DINSG;Deutschland insgesamt;DG;Deutschland;MONAT;Monate;MONAT03;März;81,3;1,8;0,5
61111;Verbraucherpreisindex für Deutschland;JAHR;Jahr;2005;DINSG;Deutschland insgesamt;DG;Deutschland;MONAT;Monate;MONAT04;April;81,0;1,1;-0,4
61111;Verbraucherpreisindex für Deutschland;JAHR;Jahr;2005;DINSG;Deutschland insgesamt;DG;Deutschland;MONAT;Monate;MONAT05;Mai;81,2;1,1;0,2
61111;Verbraucherpreisindex für Deutschland;JAHR;Jahr;2005;DINSG;Deutschland insgesamt;DG;Deutschland;MONAT;Monate;MONAT06;Juni;81,3;1,2;0,1
61111;Verbraucherpreisindex für Deutschland;JAHR;Jahr;2005;DINSG;Deutschland insgesamt;DG;Deutschland;MONAT;Monate;MONAT07;Juli;81,7;1,6;0,5
61111;Verbraucherpreisindex für Deutschland;JAHR;Jahr;2005;DINSG;Deutschland insgesamt;DG;Deutschland;MONAT;Monate;MONAT08;August;81,8;1,6;0,1
61111;Verbraucherpreisindex für Deutschland;JAHR;Jahr;2005;DINSG;Deutschland insgesamt;DG;Deutschland;MONAT;Monate;MONAT09;September;81,9;2,0;0,1
61111;Verbraucherpreisindex für Deutschland;JAHR;Jahr;2005;DINSG;Deutschland insgesamt;DG;Deutschland;MONAT;Monate;MONAT10;Oktober;81,9;1,9;-
61111;Verbraucherpreisindex für Deutschland;JAHR;Jahr;2005;DINSG;Deutschland insgesamt;DG;Deutschland;MONAT;Monate;MONAT11;November;81,7;1,7;-0,2
61111;Verbraucherpreisindex für Deutschland;JAHR;Jahr;2005;DINSG;Deutschland insgesamt;DG;Deutschland;MONAT;Monate;MONAT12;Dezember;82,3;1,4;0,7
61111;Verbraucherpreisindex für Deutschland;JAHR;Jahr;2006;DINSG;Deutschland insgesamt;DG;Deutschland;MONAT;Monate;MONAT01;Januar;82,0;1,7;-0,4
61111;Verbraucherpreisindex für Deutschland;JAHR;Jahr;2006;DINSG;Deutschland insgesamt;DG;Deutschland;MONAT;Monate;MONAT02;Februar;82,4;1,9;0,5
61111;Verbraucherpreisindex für Deutschland;JAHR;Jahr;2006;DINSG;Deutschland insgesamt;DG;Deutschland;MONAT;Monate;MONAT03;März;82,4;1,4;-
61111;Verbraucherpreisindex für Deutschland;JAHR;Jahr;2006;DINSG;Deutschland insgesamt;DG;Deutschland;MONAT;Monate;MONAT04;April;82,7;2,1;0,4
61111;Verbraucherpreisindex für Deutschland;JAHR;Jahr;2006;DINSG;Deutschland insgesamt;DG;Deutschland;MONAT;Monate;MONAT05;Mai;82,7;1,8;-
61111;Verbraucherpreisindex für Deutschland;JAHR;Jahr;2006;DINSG;Deutschland insgesamt;DG;Deutschland;MONAT;Monate;MONAT06;Juni;82,9;2,0;0,2
61111;Verbraucherpreisindex für Deutschland;JAHR;Jahr;2006;DINSG;Deutschland insgesamt;DG;Deutschland;MONAT;Monate;MONAT07;Juli;83,2;1,8;0,4
61111;Verbraucherpreisindex für Deutschland;JAHR;Jahr;2006;DINSG;Deutschland insgesamt;DG;Deutschland;MONAT;Monate;MONAT08;August;83,0;1,5;-0,2
61111;Verbraucherpreisindex für Deutschland;JAHR;Jahr;2006;DINSG;Deutschland insgesamt;DG;Deutschland;MONAT;Monate;MONAT09;September;82,7;1,0;-0,4
61111;Verbraucherpreisindex für Deutschland;JAHR;Jahr;2006;DINSG;Deutschland insgesamt;DG;Deutschland;MONAT;Monate;MONAT10;Oktober;82,8;1,1;0,1
61111;Verbraucherpreisindex für Deutschland;JAHR;Jahr;2006;DINSG;Deutschland insgesamt;DG;Deutschland;MONAT;Monate;MONAT11;November;82,8;1,3;-
61111;Verbraucherpreisindex für Deutschland;JAHR;Jahr;2006;DINSG;Deutschland insgesamt;DG;Deutschland;MONAT;Monate;MONAT12;Dezember;83,5;1,5;0,8
61111;Verbraucherpreisindex für Deutschland;JAHR;Jahr;2007;DINSG;Deutschland insgesamt;DG;Deutschland;MONAT;Monate;MONAT01;Januar;83,5;1,8;-
61111;Verbraucherpreisindex für Deutschland;JAHR;Jahr;2007;DINSG;Deutschland insgesamt;DG;Deutschland;MONAT;Monate;MONAT02;Februar;83,8;1,7;0,4
61111;Verbraucherpreisindex für Deutschland;JAHR;Jahr;2007;DINSG;Deutschland insgesamt;DG;Deutschland;MONAT;Monate;MONAT03;März;84,0;1,9;0,2
61111;Verbraucherpreisindex für Deutschland;JAHR;Jahr;2007;DINSG;Deutschland insgesamt;DG;Deutschland;MONAT;Monate;MONAT04;April;84,4;2,1;0,5
61111;Verbraucherpreisindex für Deutschland;JAHR;Jahr;2007;DINSG;Deutschland insgesamt;DG;Deutschland;MONAT;Monate;MONAT05;Mai;84,4;2,1;-
61111;Verbraucherpreisindex für Deutschland;JAHR;Jahr;2007;DINSG;Deutschland insgesamt;DG;Deutschland;MONAT;Monate;MONAT06;Juni;84,5;1,9;0,1
61111;Verbraucherpreisindex für Deutschland;JAHR;Jahr;2007;DINSG;Deutschland insgesamt;DG;Deutschland;MONAT;Monate;MONAT07;Juli;84,9;2,0;0,5
61111;Verbraucherpreisindex für Deutschland;JAHR;Jahr;2007;DINSG;Deutschland insgesamt;DG;Deutschland;MONAT;Monate;MONAT08;August;84,8;2,2;-0,1
61111;Verbraucherpreisindex für Deutschland;JAHR;Jahr;2007;DINSG;Deutschland insgesamt;DG;Deutschland;MONAT;Monate;MONAT09;September;84,9;2,7;0,1
61111;Verbraucherpreisindex für Deutschland;JAHR;Jahr;2007;DINSG;Deutschland insgesamt;DG;Deutschland;MONAT;Monate;MONAT10;Oktober;85,1;2,8;0,2
61111;Verbraucherpreisindex für Deutschland;JAHR;Jahr;2007;DINSG;Deutschland insgesamt;DG;Deutschland;MONAT;Monate;MONAT11;November;85,6;3,4;0,6
61111;Verbraucherpreisindex für Deutschland;JAHR;Jahr;2007;DINSG;Deutschland insgesamt;DG;Deutschland;MONAT;Monate;MONAT12;Dezember;86,1;3,1;0,6
61111;Verbraucherpreisindex für Deutschland;JAHR;Jahr;2008;DINSG;Deutschland insgesamt;DG;Deutschland;MONAT;Monate;MONAT01;Januar;85,8;2,8;-0,3
61111;Verbraucherpreisindex für Deutschland;JAHR;Jahr;2008;DINSG;Deutschland insgesamt;DG;Deutschland;MONAT;Monate;MONAT02;Februar;86,2;2,9;0,5
61111;Verbraucherpreisindex für Deutschland;JAHR;Jahr;2008;DINSG;Deutschland insgesamt;DG;Deutschland;MONAT;Monate;MONAT03;März;86,6;3,1;0,5
61111;Verbraucherpreisindex für Deutschland;JAHR;Jahr;2008;DINSG;Deutschland insgesamt;DG;Deutschland;MONAT;Monate;MONAT04;April;86,4;2,4;-0,2
61111;Verbraucherpreisindex für Deutschland;JAHR;Jahr;2008;DINSG;Deutschland insgesamt;DG;Deutschland;MONAT;Monate;MONAT05;Mai;86,9;3,0;0,6
61111;Verbraucherpreisindex für Deutschland;JAHR;Jahr;2008;DINSG;Deutschland insgesamt;DG;Deutschland;MONAT;Monate;MONAT06;Juni;87,2;3,2;0,3
61111;Verbraucherpreisindex für Deutschland;JAHR;Jahr;2008;DINSG;Deutschland insgesamt;DG;Deutschland;MONAT;Monate;MONAT07;Juli;87,7;3,3;0,6
61111;Verbraucherpreisindex für Deutschland;JAHR;Jahr;2008;DINSG;Deutschland insgesamt;DG;Deutschland;MONAT;Monate;MONAT08;August;87,4;3,1;-0,3
61111;Verbraucherpreisindex für Deutschland;JAHR;Jahr;2008;DINSG;Deutschland insgesamt;DG;Deutschland;MONAT;Monate;MONAT09;September;87,4;2,9;-
61111;Verbraucherpreisindex für Deutschland;JAHR;Jahr;2008;DINSG;Deutschland insgesamt;DG;Deutschland;MONAT;Monate;MONAT10;Oktober;87,2;2,5;-0,2
61111;Verbraucherpreisindex für Deutschland;JAHR;Jahr;2008;DINSG;Deutschland insgesamt;DG;Deutschland;MONAT;Monate;MONAT11;November;86,8;1,4;-0,5
61111;Verbraucherpreisindex für Deutschland;JAHR;Jahr;2008;DINSG;Deutschland insgesamt;DG;Deutschland;MONAT;Monate;MONAT12;Dezember;87,0;1,0;0,2
61111;Verbraucherpreisindex für Deutschland;JAHR;Jahr;2009;DINSG;Deutschland insgesamt;DG;Deutschland;MONAT;Monate;MONAT01;Januar;86,6;0,9;-0,5
61111;Verbraucherpreisindex für Deutschland;JAHR;Jahr;2009;DINSG;Deutschland insgesamt;DG;Deutschland;MONAT;Monate;MONAT02;Februar;87,1;1,0;0,6
61111;Verbraucherpreisindex für Deutschland;JAHR;Jahr;2009;DINSG;Deutschland insgesamt;DG;Deutschland;MONAT;Monate;MONAT03;März;87,0;0,5;-0,1
61111;Verbraucherpreisindex für Deutschland;JAHR;Jahr;2009;DINSG;Deutschland insgesamt;DG;Deutschland;MONAT;Monate;MONAT04;April;87,0;0,7;-
61111;Verbraucherpreisindex für Deutschland;JAHR;Jahr;2009;DINSG;Deutschland insgesamt;DG;Deutschland;MONAT;Monate;MONAT05;Mai;87,0;0,1;-
61111;Verbraucherpreisindex für Deutschland;JAHR;Jahr;2009;DINSG;Deutschland insgesamt;DG;Deutschland;MONAT;Monate;MONAT06;Juni;87,3;0,1;0,3
61111;Verbraucherpreisindex für Deutschland;JAHR;Jahr;2009;DINSG;Deutschland insgesamt;DG;Deutschland;MONAT;Monate;MONAT07;Juli;87,3;-0,5;-
61111;Verbraucherpreisindex für Deutschland;JAHR;Jahr;2009;DINSG;Deutschland insgesamt;DG;Deutschland;MONAT;Monate;MONAT08;August;87,5;0,1;0,2
61111;Verbraucherpreisindex für Deutschland;JAHR;Jahr;2009;DINSG;Deutschland insgesamt;DG;Deutschland;MONAT;Monate;MONAT09;September;87,1;-0,3;-0,5
61111;Verbraucherpreisindex für Deutschland;JAHR;Jahr;2009;DINSG;Deutschland insgesamt;DG;Deutschland;MONAT;Monate;MONAT10;Oktober;87,2;-;0,1
61111;Verbraucherpreisindex für Deutschland;JAHR;Jahr;2009;DINSG;Deutschland insgesamt;DG;Deutschland;MONAT;Monate;MONAT11;November;87,1;0,3;-0,1
61111;Verbraucherpreisindex für Deutschland;JAHR;Jahr;2009;DINSG;Deutschland insgesamt;DG;Deutschland;MONAT;Monate;MONAT12;Dezember;87,8;0,9;0,8
61111;Verbraucherpreisindex für Deutschland;JAHR;Jahr;2010;DINSG;Deutschland insgesamt;DG;Deutschland;MONAT;Monate;MONAT01;Januar;87,3;0,8;-0,6
61111;Verbraucherpreisindex für Deutschland;JAHR;Jahr;2010;DINSG;Deutschland insgesamt;DG;Deutschland;MONAT;Monate;MONAT02;Februar;87,6;0,6;0,3
61111;Verbraucherpreisindex für Deutschland;JAHR;Jahr;2010;DINSG;Deutschland insgesamt;DG;Deutschland;MONAT;Monate;MONAT03;März;88,1;1,3;0,6
61111;Verbraucherpreisindex für Deutschland;JAHR;Jahr;2010;DINSG;Deutschland insgesamt;DG;Deutschland;MONAT;Monate;MONAT04;April;88,1;1,3;-
61111;Verbraucherpreisindex für Deutschland;JAHR;Jahr;2010;DINSG;Deutschland insgesamt;DG;Deutschland;MONAT;Monate;MONAT05;Mai;88,1;1,3;-
61111;Verbraucherpreisindex für Deutschland;JAHR;Jahr;2010;DINSG;Deutschland insgesamt;DG;Deutschland;MONAT;Monate;MONAT06;Juni;88,1;0,9;-
61111;Verbraucherpreisindex für Deutschland;JAHR;Jahr;2010;DINSG;Deutschland insgesamt;DG;Deutschland;MONAT;Monate;MONAT07;Juli;88,2;1,0;0,1
61111;Verbraucherpreisindex für Deutschland;JAHR;Jahr;2010;DINSG;Deutschland insgesamt;DG;Deutschland;MONAT;Monate;MONAT08;August;88,3;0,9;0,1
61111;Verbraucherpreisindex für Deutschland;JAHR;Jahr;2010;DINSG;Deutschland insgesamt;DG;Deutschland;MONAT;Monate;MONAT09;September;88,2;1,3;-0,1
61111;Verbraucherpreisindex für Deutschland;JAHR;Jahr;2010;DINSG;Deutschland insgesamt;DG;Deutschland;MONAT;Monate;MONAT10;Oktober;88,3;1,3;0,1
61111;Verbraucherpreisindex für Deutschland;JAHR;Jahr;2010;DINSG;Deutschland insgesamt;DG;Deutschland;MONAT;Monate;MONAT11;November;88,4;1,5;0,1
61111;Verbraucherpreisindex für Deutschland;JAHR;Jahr;2010;DINSG;Deutschland insgesamt;DG;Deutschland;MONAT;Monate;MONAT12;Dezember;89,0;1,4;0,7
61111;Verbraucherpreisindex für Deutschland;JAHR;Jahr;2011;DINSG;Deutschland insgesamt;DG;Deutschland;MONAT;Monate;MONAT01;Januar;88,7;1,6;-0,3
61111;Verbraucherpreisindex für Deutschland;JAHR;Jahr;2011;DINSG;Deutschland insgesamt;DG;Deutschland;MONAT;Monate;MONAT02;Februar;89,3;1,9;0,7
61111;Verbraucherpreisindex für Deutschland;JAHR;Jahr;2011;DINSG;Deutschland insgesamt;DG;Deutschland;MONAT;Monate;MONAT03;März;89,8;1,9;0,6
61111;Verbraucherpreisindex für Deutschland;JAHR;Jahr;2011;DINSG;Deutschland insgesamt;DG;Deutschland;MONAT;Monate;MONAT04;April;89,8;1,9;-
61111;Verbraucherpreisindex für Deutschland;JAHR;Jahr;2011;DINSG;Deutschland insgesamt;DG;Deutschland;MONAT;Monate;MONAT05;Mai;89,8;1,9;-
61111;Verbraucherpreisindex für Deutschland;JAHR;Jahr;2011;DINSG;Deutschland insgesamt;DG;Deutschland;MONAT;Monate;MONAT06;Juni;89,9;2,0;0,1
61111;Verbraucherpreisindex für Deutschland;JAHR;Jahr;2011;DINSG;Deutschland insgesamt;DG;Deutschland;MONAT;Monate;MONAT07;Juli;90,1;2,2;0,2
61111;Verbraucherpreisindex für Deutschland;JAHR;Jahr;2011;DINSG;Deutschland insgesamt;DG;Deutschland;MONAT;Monate;MONAT08;August;90,2;2,2;0,1
61111;Verbraucherpreisindex für Deutschland;JAHR;Jahr;2011;DINSG;Deutschland insgesamt;DG;Deutschland;MONAT;Monate;MONAT09;September;90,3;2,4;0,1
61111;Verbraucherpreisindex für Deutschland;JAHR;Jahr;2011;DINSG;Deutschland insgesamt;DG;Deutschland;MONAT;Monate;MONAT10;Oktober;90,4;2,4;0,1
61111;Verbraucherpreisindex für Deutschland;JAHR;Jahr;2011;DINSG;Deutschland insgesamt;DG;Deutschland;MONAT;Monate;MONAT11;November;90,5;2,4;0,1
61111;Verbraucherpreisindex für Deutschland;JAHR;Jahr;2011;DINSG;Deutschland insgesamt;DG;Deutschland;MONAT;Monate;MONAT12;Dezember;90,7;1,9;0,2
61111;Verbraucherpreisindex für Deutschland;JAHR;Jahr;2012;DINSG;Deutschland insgesamt;DG;Deutschland;MONAT;Monate;MONAT01;Januar;90,6;2,1;-0,1
61111;Verbraucherpreisindex für Deutschland;JAHR;Jahr;2012;DINSG;Deutschland insgesamt;DG;Deutschland;MONAT;Monate;MONAT02;Februar;91,2;2,1;0,7
61111;Verbraucherpreisindex für Deutschland;JAHR;Jahr;2012;DINSG;Deutschland insgesamt;DG;Deutschland;MONAT;Monate;MONAT03;März;91,7;2,1;0,5
61111;Verbraucherpreisindex für Deutschland;JAHR;Jahr;2012;DINSG;Deutschland insgesamt;DG;Deutschland;MONAT;Monate;MONAT04;April;91,6;2,0;-0,1
61111;Verbraucherpreisindex für Deutschland;JAHR;Jahr;2012;DINSG;Deutschland insgesamt;DG;Deutschland;MONAT;Monate;MONAT05;Mai;91,5;1,9;-0,1
61111;Verbraucherpreisindex für Deutschland;JAHR;Jahr;2012;DINSG;Deutschland insgesamt;DG;Deutschland;MONAT;Monate;MONAT06;Juni;91,4;1,7;-0,1
61111;Verbraucherpreisindex für Deutschland;JAHR;Jahr;2012;DINSG;Deutschland insgesamt;DG;Deutschland;MONAT;Monate;MONAT07;Juli;91,7;1,8;0,3
61111;Verbraucherpreisindex für Deutschland;JAHR;Jahr;2012;DINSG;Deutschland insgesamt;DG;Deutschland;MONAT;Monate;MONAT08;August;92,1;2,1;0,4
61111;Verbraucherpreisindex für Deutschland;JAHR;Jahr;2012;DINSG;Deutschland insgesamt;DG;Deutschland;MONAT;Monate;MONAT09;September;92,2;2,1;0,1
61111;Verbraucherpreisindex für Deutschland;JAHR;Jahr;2012;DINSG;Deutschland insgesamt;DG;Deutschland;MONAT;Monate;MONAT10;Oktober;92,2;2,0;-
61111;Verbraucherpreisindex für Deutschland;JAHR;Jahr;2012;DINSG;Deutschland insgesamt;DG;Deutschland;MONAT;Monate;MONAT11;November;92,2;1,9;-
61111;Verbraucherpreisindex für Deutschland;JAHR;Jahr;2012;DINSG;Deutschland insgesamt;DG;Deutschland;MONAT;Monate;MONAT12;Dezember;92,5;2,0;0,3
61111;Verbraucherpreisindex für Deutschland;JAHR;Jahr;2013;DINSG;Deutschland insgesamt;DG;Deutschland;MONAT;Monate;MONAT01;Januar;92,1;1,7;-0,4
61111;Verbraucherpreisindex für Deutschland;JAHR;Jahr;2013;DINSG;Deutschland insgesamt;DG;Deutschland;MONAT;Monate;MONAT02;Februar;92,6;1,5;0,5
61111;Verbraucherpreisindex für Deutschland;JAHR;Jahr;2013;DINSG;Deutschland insgesamt;DG;Deutschland;MONAT;Monate;MONAT03;März;93,0;1,4;0,4
61111;Verbraucherpreisindex für Deutschland;JAHR;Jahr;2013;DINSG;Deutschland insgesamt;DG;Deutschland;MONAT;Monate;MONAT04;April;92,6;1,1;-0,4
61111;Verbraucherpreisindex für Deutschland;JAHR;Jahr;2013;DINSG;Deutschland insgesamt;DG;Deutschland;MONAT;Monate;MONAT05;Mai;93,0;1,6;0,4
61111;Verbraucherpreisindex für Deutschland;JAHR;Jahr;2013;DINSG;Deutschland insgesamt;DG;Deutschland;MONAT;Monate;MONAT06;Juni;93,1;1,9;0,1
61111;Verbraucherpreisindex für Deutschland;JAHR;Jahr;2013;DINSG;Deutschland insgesamt;DG;Deutschland;MONAT;Monate;MONAT07;Juli;93,5;2,0;0,4
61111;Verbraucherpreisindex für Deutschland;JAHR;Jahr;2013;DINSG;Deutschland insgesamt;DG;Deutschland;MONAT;Monate;MONAT08;August;93,5;1,5;-
61111;Verbraucherpreisindex für Deutschland;JAHR;Jahr;2013;DINSG;Deutschland insgesamt;DG;Deutschland;MONAT;Monate;MONAT09;September;93,5;1,4;-
61111;Verbraucherpreisindex für Deutschland;JAHR;Jahr;2013;DINSG;Deutschland insgesamt;DG;Deutschland;MONAT;Monate;MONAT10;Oktober;93,3;1,2;-0,2
61111;Verbraucherpreisindex für Deutschland;JAHR;Jahr;2013;DINSG;Deutschland insgesamt;DG;Deutschland;MONAT;Monate;MONAT11;November;93,5;1,4;0,2
61111;Verbraucherpreisindex für Deutschland;JAHR;Jahr;2013;DINSG;Deutschland insgesamt;DG;Deutschland;MONAT;Monate;MONAT12;Dezember;93,9;1,5;0,4
61111;Verbraucherpreisindex für Deutschland;JAHR;Jahr;2014;DINSG;Deutschland insgesamt;DG;Deutschland;MONAT;Monate;MONAT01;Januar;93,3;1,3;-0,6
61111;Verbraucherpreisindex für Deutschland;JAHR;Jahr;2014;DINSG;Deutschland insgesamt;DG;Deutschland;MONAT;Monate;MONAT02;Februar;93,8;1,3;0,5
61111;Verbraucherpreisindex für Deutschland;JAHR;Jahr;2014;DINSG;Deutschland insgesamt;DG;Deutschland;MONAT;Monate;MONAT03;März;94,0;1,1;0,2
61111;Verbraucherpreisindex für Deutschland;JAHR;Jahr;2014;DINSG;Deutschland insgesamt;DG;Deutschland;MONAT;Monate;MONAT04;April;93,9;1,4;-0,1
61111;Verbraucherpreisindex für Deutschland;JAHR;Jahr;2014;DINSG;Deutschland insgesamt;DG;Deutschland;MONAT;Monate;MONAT05;Mai;93,8;0,9;-0,1
61111;Verbraucherpreisindex für Deutschland;JAHR;Jahr;2014;DINSG;Deutschland insgesamt;DG;Deutschland;MONAT;Monate;MONAT06;Juni;94,0;1,0;0,2
61111;Verbraucherpreisindex für Deutschland;JAHR;Jahr;2014;DINSG;Deutschland insgesamt;DG;Deutschland;MONAT;Monate;MONAT07;Juli;94,3;0,9;0,3
61111;Verbraucherpreisindex für Deutschland;JAHR;Jahr;2014;DINSG;Deutschland insgesamt;DG;Deutschland;MONAT;Monate;MONAT08;August;94,3;0,9;-
61111;Verbraucherpreisindex für Deutschland;JAHR;Jahr;2014;DINSG;Deutschland insgesamt;DG;Deutschland;MONAT;Monate;MONAT09;September;94,3;0,9;-
61111;Verbraucherpreisindex für Deutschland;JAHR;Jahr;2014;DINSG;Deutschland insgesamt;DG;Deutschland;MONAT;Monate;MONAT10;Oktober;94,1;0,9;-0,2
61111;Verbraucherpreisindex für Deutschland;JAHR;Jahr;2014;DINSG;Deutschland insgesamt;DG;Deutschland;MONAT;Monate;MONAT11;November;94,1;0,6;-
61111;Verbraucherpreisindex für Deutschland;JAHR;Jahr;2014;DINSG;Deutschland insgesamt;DG;Deutschland;MONAT;Monate;MONAT12;Dezember;94,0;0,1;-0,1
61111;Verbraucherpreisindex für Deutschland;JAHR;Jahr;2015;DINSG;Deutschland insgesamt;DG;Deutschland;MONAT;Monate;MONAT01;Januar;93,1;-0,2;-1,0
61111;Verbraucherpreisindex für Deutschland;JAHR;Jahr;2015;DINSG;Deutschland insgesamt;DG;Deutschland;MONAT;Monate;MONAT02;Februar;93,8;-;0,8
61111;Verbraucherpreisindex für Deutschland;JAHR;Jahr;2015;DINSG;Deutschland insgesamt;DG;Deutschland;MONAT;Monate;MONAT03;März;94,3;0,3;0,5
61111;Verbraucherpreisindex für Deutschland;JAHR;Jahr;2015;DINSG;Deutschland insgesamt;DG;Deutschland;MONAT;Monate;MONAT04;April;94,7;0,9;0,4
61111;Verbraucherpreisindex für Deutschland;JAHR;Jahr;2015;DINSG;Deutschland insgesamt;DG;Deutschland;MONAT;Monate;MONAT05;Mai;94,9;1,2;0,2
61111;Verbraucherpreisindex für Deutschland;JAHR;Jahr;2015;DINSG;Deutschland insgesamt;DG;Deutschland;MONAT;Monate;MONAT06;Juni;94,9;1,0;-
61111;Verbraucherpreisindex für Deutschland;JAHR;Jahr;2015;DINSG;Deutschland insgesamt;DG;Deutschland;MONAT;Monate;MONAT07;Juli;95,1;0,8;0,2
61111;Verbraucherpreisindex für Deutschland;JAHR;Jahr;2015;DINSG;Deutschland insgesamt;DG;Deutschland;MONAT;Monate;MONAT08;August;95,0;0,7;-0,1
61111;Verbraucherpreisindex für Deutschland;JAHR;Jahr;2015;DINSG;Deutschland insgesamt;DG;Deutschland;MONAT;Monate;MONAT09;September;94,9;0,6;-0,1
61111;Verbraucherpreisindex für Deutschland;JAHR;Jahr;2015;DINSG;Deutschland insgesamt;DG;Deutschland;MONAT;Monate;MONAT10;Oktober;94,9;0,9;-
61111;Verbraucherpreisindex für Deutschland;JAHR;Jahr;2015;DINSG;Deutschland insgesamt;DG;Deutschland;MONAT;Monate;MONAT11;November;94,3;0,2;-0,6
61111;Verbraucherpreisindex für Deutschland;JAHR;Jahr;2015;DINSG;Deutschland insgesamt;DG;Deutschland;MONAT;Monate;MONAT12;Dezember;94,3;0,3;-
61111;Verbraucherpreisindex für Deutschland;JAHR;Jahr;2016;DINSG;Deutschland insgesamt;DG;Deutschland;MONAT;Monate;MONAT01;Januar;93,6;0,5;-0,7
61111;Verbraucherpreisindex für Deutschland;JAHR;Jahr;2016;DINSG;Deutschland insgesamt;DG;Deutschland;MONAT;Monate;MONAT02;Februar;93,9;0,1;0,3
61111;Verbraucherpreisindex für Deutschland;JAHR;Jahr;2016;DINSG;Deutschland insgesamt;DG;Deutschland;MONAT;Monate;MONAT03;März;94,5;0,2;0,6
61111;Verbraucherpreisindex für Deutschland;JAHR;Jahr;2016;DINSG;Deutschland insgesamt;DG;Deutschland;MONAT;Monate;MONAT04;April;94,6;-0,1;0,1
61111;Verbraucherpreisindex für Deutschland;JAHR;Jahr;2016;DINSG;Deutschland insgesamt;DG;Deutschland;MONAT;Monate;MONAT05;Mai;95,1;0,2;0,5
61111;Verbraucherpreisindex für Deutschland;JAHR;Jahr;2016;DINSG;Deutschland insgesamt;DG;Deutschland;MONAT;Monate;MONAT06;Juni;95,2;0,3;0,1
61111;Verbraucherpreisindex für Deutschland;JAHR;Jahr;2016;DINSG;Deutschland insgesamt;DG;Deutschland;MONAT;Monate;MONAT07;Juli;95,5;0,4;0,3
61111;Verbraucherpreisindex für Deutschland;JAHR;Jahr;2016;DINSG;Deutschland insgesamt;DG;Deutschland;MONAT;Monate;MONAT08;August;95,4;0,4;-0,1
61111;Verbraucherpreisindex für Deutschland;JAHR;Jahr;2016;DINSG;Deutschland insgesamt;DG;Deutschland;MONAT;Monate;MONAT09;September;95,5;0,6;0,1
61111;Verbraucherpreisindex für Deutschland;JAHR;Jahr;2016;DINSG;Deutschland insgesamt;DG;Deutschland;MONAT;Monate;MONAT10;Oktober;95,6;0,7;0,1
61111;Verbraucherpreisindex für Deutschland;JAHR;Jahr;2016;DINSG;Deutschland insgesamt;DG;Deutschland;MONAT;Monate;MONAT11;November;95,0;0,7;-0,6
61111;Verbraucherpreisindex für Deutschland;JAHR;Jahr;2016;DINSG;Deutschland insgesamt;DG;Deutschland;MONAT;Monate;MONAT12;Dezember;95,6;1,4;0,6
61111;Verbraucherpreisindex für Deutschland;JAHR;Jahr;2017;DINSG;Deutschland insgesamt;DG;Deutschland;MONAT;Monate;MONAT01;Januar;95,1;1,6;-0,5
61111;Verbraucherpreisindex für Deutschland;JAHR;Jahr;2017;DINSG;Deutschland insgesamt;DG;Deutschland;MONAT;Monate;MONAT02;Februar;95,6;1,8;0,5
61111;Verbraucherpreisindex für Deutschland;JAHR;Jahr;2017;DINSG;Deutschland insgesamt;DG;Deutschland;MONAT;Monate;MONAT03;März;95,8;1,4;0,2
61111;Verbraucherpreisindex für Deutschland;JAHR;Jahr;2017;DINSG;Deutschland insgesamt;DG;Deutschland;MONAT;Monate;MONAT04;April;96,2;1,7;0,4
61111;Verbraucherpreisindex für Deutschland;JAHR;Jahr;2017;DINSG;Deutschland insgesamt;DG;Deutschland;MONAT;Monate;MONAT05;Mai;96,2;1,2;-
61111;Verbraucherpreisindex für Deutschland;JAHR;Jahr;2017;DINSG;Deutschland insgesamt;DG;Deutschland;MONAT;Monate;MONAT06;Juni;96,5;1,4;0,3
61111;Verbraucherpreisindex für Deutschland;JAHR;Jahr;2017;DINSG;Deutschland insgesamt;DG;Deutschland;MONAT;Monate;MONAT07;Juli;96,9;1,5;0,4
61111;Verbraucherpreisindex für Deutschland;JAHR;Jahr;2017;DINSG;Deutschland insgesamt;DG;Deutschland;MONAT;Monate;MONAT08;August;97,0;1,7;0,1
61111;Verbraucherpreisindex für Deutschland;JAHR;Jahr;2017;DINSG;Deutschland insgesamt;DG;Deutschland;MONAT;Monate;MONAT09;September;97,0;1,6;-
61111;Verbraucherpreisindex für Deutschland;JAHR;Jahr;2017;DINSG;Deutschland insgesamt;DG;Deutschland;MONAT;Monate;MONAT10;Oktober;96,9;1,4;-0,1
61111;Verbraucherpreisindex für Deutschland;JAHR;Jahr;2017;DINSG;Deutschland insgesamt;DG;Deutschland;MONAT;Monate;MONAT11;November;96,5;1,6;-0,4
61111;Verbraucherpreisindex für Deutschland;JAHR;Jahr;2017;DINSG;Deutschland insgesamt;DG;Deutschland;MONAT;Monate;MONAT12;Dezember;96,9;1,4;0,4
61111;Verbraucherpreisindex für Deutschland;JAHR;Jahr;2018;DINSG;Deutschland insgesamt;DG;Deutschland;MONAT;Monate;MONAT01;Januar;96,4;1,4;-0,5
61111;Verbraucherpreisindex für Deutschland;JAHR;Jahr;2018;DINSG;Deutschland insgesamt;DG;Deutschland;MONAT;Monate;MONAT02;Februar;96,7;1,2;0,3
61111;Verbraucherpreisindex für Deutschland;JAHR;Jahr;2018;DINSG;Deutschland insgesamt;DG;Deutschland;MONAT;Monate;MONAT03;März;97,2;1,5;0,5
61111;Verbraucherpreisindex für Deutschland;JAHR;Jahr;2018;DINSG;Deutschland insgesamt;DG;Deutschland;MONAT;Monate;MONAT04;April;97,5;1,4;0,3
61111;Verbraucherpreisindex für Deutschland;JAHR;Jahr;2018;DINSG;Deutschland insgesamt;DG;Deutschland;MONAT;Monate;MONAT05;Mai;98,2;2,1;0,7
61111;Verbraucherpreisindex für Deutschland;JAHR;Jahr;2018;DINSG;Deutschland insgesamt;DG;Deutschland;MONAT;Monate;MONAT06;Juni;98,3;1,9;0,1
61111;Verbraucherpreisindex für Deutschland;JAHR;Jahr;2018;DINSG;Deutschland insgesamt;DG;Deutschland;MONAT;Monate;MONAT07;Juli;98,7;1,9;0,4
61111;Verbraucherpreisindex für Deutschland;JAHR;Jahr;2018;DINSG;Deutschland insgesamt;DG;Deutschland;MONAT;Monate;MONAT08;August;98,8;1,9;0,1
61111;Verbraucherpreisindex für Deutschland;JAHR;Jahr;2018;DINSG;Deutschland insgesamt;DG;Deutschland;MONAT;Monate;MONAT09;September;99,0;2,1;0,2
61111;Verbraucherpreisindex für Deutschland;JAHR;Jahr;2018;DINSG;Deutschland insgesamt;DG;Deutschland;MONAT;Monate;MONAT10;Oktober;99,1;2,3;0,1
61111;Verbraucherpreisindex für Deutschland;JAHR;Jahr;2018;DINSG;Deutschland insgesamt;DG;Deutschland;MONAT;Monate;MONAT11;November;98,5;2,1;-0,6
61111;Verbraucherpreisindex für Deutschland;JAHR;Jahr;2018;DINSG;Deutschland insgesamt;DG;Deutschland;MONAT;Monate;MONAT12;Dezember;98,5;1,7;-
61111;Verbraucherpreisindex für Deutschland;JAHR;Jahr;2019;DINSG;Deutschland insgesamt;DG;Deutschland;MONAT;Monate;MONAT01;Januar;97,7;1,3;-0,8
61111;Verbraucherpreisindex für Deutschland;JAHR;Jahr;2019;DINSG;Deutschland insgesamt;DG;Deutschland;MONAT;Monate;MONAT02;Februar;98,1;1,4;0,4
61111;Verbraucherpreisindex für Deutschland;JAHR;Jahr;2019;DINSG;Deutschland insgesamt;DG;Deutschland;MONAT;Monate;MONAT03;März;98,5;1,3;0,4
61111;Verbraucherpreisindex für Deutschland;JAHR;Jahr;2019;DINSG;Deutschland insgesamt;DG;Deutschland;MONAT;Monate;MONAT04;April;99,4;1,9;0,9
61111;Verbraucherpreisindex für Deutschland;JAHR;Jahr;2019;DINSG;Deutschland insgesamt;DG;Deutschland;MONAT;Monate;MONAT05;Mai;99,6;1,4;0,2
61111;Verbraucherpreisindex für Deutschland;JAHR;Jahr;2019;DINSG;Deutschland insgesamt;DG;Deutschland;MONAT;Monate;MONAT06;Juni;99,9;1,6;0,3
61111;Verbraucherpreisindex für Deutschland;JAHR;Jahr;2019;DINSG;Deutschland insgesamt;DG;Deutschland;MONAT;Monate;MONAT07;Juli;100,3;1,6;0,4
61111;Verbraucherpreisindex für Deutschland;JAHR;Jahr;2019;DINSG;Deutschland insgesamt;DG;Deutschland;MONAT;Monate;MONAT08;August;100,2;1,4;-0,1
61111;Verbraucherpreisindex für Deutschland;JAHR;Jahr;2019;DINSG;Deutschland insgesamt;DG;Deutschland;MONAT;Monate;MONAT09;September;100,2;1,2;-
61111;Verbraucherpreisindex für Deutschland;JAHR;Jahr;2019;DINSG;Deutschland insgesamt;DG;Deutschland;MONAT;Monate;MONAT10;Oktober;100,2;1,1;-
61111;Verbraucherpreisindex für Deutschland;JAHR;Jahr;2019;DINSG;Deutschland insgesamt;DG;Deutschland;MONAT;Monate;MONAT11;November;99,5;1,0;-0,7
61111;Verbraucherpreisindex für Deutschland;JAHR;Jahr;2019;DINSG;Deutschland insgesamt;DG;Deutschland;MONAT;Monate;MONAT12;Dezember;100,0;1,5;0,5
61111;Verbraucherpreisindex für Deutschland;JAHR;Jahr;2020;DINSG;Deutschland insgesamt;DG;Deutschland;MONAT;Monate;MONAT01;Januar;99,8;2,1;-0,2
61111;Verbraucherpreisindex für Deutschland;JAHR;Jahr;2020;DINSG;Deutschland insgesamt;DG;Deutschland;MONAT;Monate;MONAT02;Februar;100,1;2,0;0,3
61111;Verbraucherpreisindex für Deutschland;JAHR;Jahr;2020;DINSG;Deutschland insgesamt;DG;Deutschland;MONAT;Monate;MONAT03;März;100,3;1,8;0,2
61111;Verbraucherpreisindex für Deutschland;JAHR;Jahr;2020;DINSG;Deutschland insgesamt;DG;Deutschland;MONAT;Monate;MONAT04;April;100,4;1,0;0,1
61111;Verbraucherpreisindex für Deutschland;JAHR;Jahr;2020;DINSG;Deutschland insgesamt;DG;Deutschland;MONAT;Monate;MONAT05;Mai;100,4;0,8;-
61111;Verbraucherpreisindex für Deutschland;JAHR;Jahr;2020;DINSG;Deutschland insgesamt;DG;Deutschland;MONAT;Monate;MONAT06;Juni;100,5;0,6;0,1
61111;Verbraucherpreisindex für Deutschland;JAHR;Jahr;2020;DINSG;Deutschland insgesamt;DG;Deutschland;MONAT;Monate;MONAT07;Juli;99,7;-0,6;-0,8
61111;Verbraucherpreisindex für Deutschland;JAHR;Jahr;2020;DINSG;Deutschland insgesamt;DG;Deutschland;MONAT;Monate;MONAT08;August;99,7;-0,5;-
61111;Verbraucherpreisindex für Deutschland;JAHR;Jahr;2020;DINSG;Deutschland insgesamt;DG;Deutschland;MONAT;Monate;MONAT09;September;99,7;-0,5;-
61111;Verbraucherpreisindex für Deutschland;JAHR;Jahr;2020;DINSG;Deutschland insgesamt;DG;Deutschland;MONAT;Monate;MONAT10;Oktober;99,9;-0,3;0,2
61111;Verbraucherpreisindex für Deutschland;JAHR;Jahr;2020;DINSG;Deutschland insgesamt;DG;Deutschland;MONAT;Monate;MONAT11;November;99,7;0,2;-0,2
61111;Verbraucherpreisindex für Deutschland;JAHR;Jahr;2020;DINSG;Deutschland insgesamt;DG;Deutschland;MONAT;Monate;MONAT12;Dezember;99,8;-0,2;0,1
61111;Verbraucherpreisindex für Deutschland;JAHR;Jahr;2021;DINSG;Deutschland insgesamt;DG;Deutschland;MONAT;Monate;MONAT01;Januar;101,0;1,2;1,2
61111;Verbraucherpreisindex für Deutschland;JAHR;Jahr;2021;DINSG;Deutschland insgesamt;DG;Deutschland;MONAT;Monate;MONAT02;Februar;101,6;1,5;0,6
61111;Verbraucherpreisindex für Deutschland;JAHR;Jahr;2021;DINSG;Deutschland insgesamt;DG;Deutschland;MONAT;Monate;MONAT03;März;102,1;1,8;0,5
61111;Verbraucherpreisindex für Deutschland;JAHR;Jahr;2021;DINSG;Deutschland insgesamt;DG;Deutschland;MONAT;Monate;MONAT04;April;102,4;2,0;0,3
61111;Verbraucherpreisindex für Deutschland;JAHR;Jahr;2021;DINSG;Deutschland insgesamt;DG;Deutschland;MONAT;Monate;MONAT05;Mai;102,6;2,2;0,2
61111;Verbraucherpreisindex für Deutschland;JAHR;Jahr;2021;DINSG;Deutschland insgesamt;DG;Deutschland;MONAT;Monate;MONAT06;Juni;102,9;2,4;0,3
61111;Verbraucherpreisindex für Deutschland;JAHR;Jahr;2021;DINSG;Deutschland insgesamt;DG;Deutschland;MONAT;Monate;MONAT07;Juli;103,4;3,7;0,5
61111;Verbraucherpreisindex für Deutschland;JAHR;Jahr;2021;DINSG;Deutschland insgesamt;DG;Deutschland;MONAT;Monate;MONAT08;August;103,5;3,8;0,1
61111;Verbraucherpreisindex für Deutschland;JAHR;Jahr;2021;DINSG;Deutschland insgesamt;DG;Deutschland;MONAT;Monate;MONAT09;September;103,8;4,1;0,3
61111;Verbraucherpreisindex für Deutschland;JAHR;Jahr;2021;DINSG;Deutschland insgesamt;DG;Deutschland;MONAT;Monate;MONAT10;Oktober;104,3;4,4;0,5
61111;Verbraucherpreisindex für Deutschland;JAHR;Jahr;2021;DINSG;Deutschland insgesamt;DG;Deutschland;MONAT;Monate;MONAT11;November;104,5;4,8;0,2
61111;Verbraucherpreisindex für Deutschland;JAHR;Jahr;2021;DINSG;Deutschland insgesamt;DG;Deutschland;MONAT;Monate;MONAT12;Dezember;104,7;4,9;0,2
61111;Verbraucherpreisindex für Deutschland;JAHR;Jahr;2022;DINSG;Deutschland insgesamt;DG;Deutschland;MONAT;Monate;MONAT01;Januar;105,2;4,2;0,5
61111;Verbraucherpreisindex für Deutschland;JAHR;Jahr;2022;DINSG;Deutschland insgesamt;DG;Deutschland;MONAT;Monate;MONAT02;Februar;106,0;4,3;0,8
61111;Verbraucherpreisindex für Deutschland;JAHR;Jahr;2022;DINSG;Deutschland insgesamt;DG;Deutschland;MONAT;Monate;MONAT03;März;108,1;5,9;2,0
61111;Verbraucherpreisindex für Deutschland;JAHR;Jahr;2022;DINSG;Deutschland insgesamt;DG;Deutschland;MONAT;Monate;MONAT04;April;108,8;6,3;0,6
61111;Verbraucherpreisindex für Deutschland;JAHR;Jahr;2022;DINSG;Deutschland insgesamt;DG;Deutschland;MONAT;Monate;MONAT05;Mai;109,8;7,0;0,9
61111;Verbraucherpreisindex für Deutschland;JAHR;Jahr;2022;DINSG;Deutschland insgesamt;DG;Deutschland;MONAT;Monate;MONAT06;Juni;109,8;6,7;-
61111;Verbraucherpreisindex für Deutschland;JAHR;Jahr;2022;DINSG;Deutschland insgesamt;DG;Deutschland;MONAT;Monate;MONAT07;Juli;110,3;6,7;0,5
61111;Verbraucherpreisindex für Deutschland;JAHR;Jahr;2022;DINSG;Deutschland insgesamt;DG;Deutschland;MONAT;Monate;MONAT08;August;110,7;7,0;0,4
61111;Verbraucherpreisindex für Deutschland;JAHR;Jahr;2022;DINSG;Deutschland insgesamt;DG;Deutschland;MONAT;Monate;MONAT09;September;112,7;8,6;1,8
61111;Verbraucherpreisindex für Deutschland;JAHR;Jahr;2022;DINSG;Deutschland insgesamt;DG;Deutschland;MONAT;Monate;MONAT10;Oktober;113,5;8,8;0,7
61111;Verbraucherpreisindex für Deutschland;JAHR;Jahr;2022;DINSG;Deutschland insgesamt;DG;Deutschland;MONAT;Monate;MONAT11;November;113,7;8,8;0,2
61111;Verbraucherpreisindex für Deutschland;JAHR;Jahr;2022;DINSG;Deutschland insgesamt;DG;Deutschland;MONAT;Monate;MONAT12;Dezember;113,2;8,1;-0,4
61111;Verbraucherpreisindex für Deutschland;JAHR;Jahr;2023;DINSG;Deutschland insgesamt;DG;Deutschland;MONAT;Monate;MONAT01;Januar;114,3;8,7;1,0
61111;Verbraucherpreisindex für Deutschland;JAHR;Jahr;2023;DINSG;Deutschland insgesamt;DG;Deutschland;MONAT;Monate;MONAT02;Februar;115,2;8,7;0,8
61111;Verbraucherpreisindex für Deutschland;JAHR;Jahr;2023;DINSG;Deutschland insgesamt;DG;Deutschland;MONAT;Monate;MONAT03;März;116,1;7,4;0,8
61111;Verbraucherpreisindex für Deutschland;JAHR;Jahr;2023;DINSG;Deutschland insgesamt;DG;Deutschland;MONAT;Monate;MONAT04;April;116,6;7,2;0,4
61111;Verbraucherpreisindex für Deutschland;JAHR;Jahr;2023;DINSG;Deutschland insgesamt;DG;Deutschland;MONAT;Monate;MONAT05;Mai;116,5;6,1;-0,1
61111;Verbraucherpreisindex für Deutschland;JAHR;Jahr;2023;DINSG;Deutschland insgesamt;DG;Deutschland;MONAT;Monate;MONAT06;Juni;116,8;6,4;0,3
61111;Verbraucherpreisindex für Deutschland;JAHR;Jahr;2023;DINSG;Deutschland insgesamt;DG;Deutschland;MONAT;Monate;MONAT07;Juli;117,1;6,2;0,3
61111;Verbraucherpreisindex für Deutschland;JAHR;Jahr;2023;DINSG;Deutschland insgesamt;DG;Deutschland;MONAT;Monate;MONAT08;August;117,5;6,1;0,3
